{
  "name": "SP-33",
  "comments": "",
  "ro": [
    [
      273
    ],
    [
      7830
    ]
  ],
  "lambda_0": [
    [
      2.73E+02,
      3.00E+02,
      4.00E+02,
      6.00E+02,
      8.00E+02,
      1.00E+03,
      1.20E+03,
      1.50E+03,
      1.80E+03,
      2.10E+03,
      2.40E+03,
      2.70E+03,
      3.00E+03,
      3.30E+03
    ],
    [
      2.828000E+01,
      2.820000E+01,
      2.799000E+01,
      2.769000E+01,
      2.744000E+01,
      2.715000E+01,
      2.700000E+01,
      2.620000E+01,
      2.600000E+01,
      2.600000E+01,
      2.600000E+01,
      2.600000E+01,
      2.600000E+01,
      2.600000E+01
    ]
  ],
  "lambda_90": [
    [
      2.73E+02,
      3.00E+02,
      4.00E+02,
      6.00E+02,
      8.00E+02,
      1.00E+03,
      1.20E+03,
      1.50E+03,
      1.80E+03,
      2.10E+03,
      2.40E+03,
      2.70E+03,
      3.00E+03,
      3.30E+03
    ],
    [
      2.828000E+01,
      2.820000E+01,
      2.799000E+01,
      2.769000E+01,
      2.744000E+01,
      2.715000E+01,
      2.700000E+01,
      2.620000E+01,
      2.600000E+01,
      2.600000E+01,
      2.600000E+01,
      2.600000E+01,
      2.600000E+01,
      2.600000E+01
    ]
  ],
  "cp": [
    [
      2.73E+02,
      3.00E+02,
      4.00E+02,
      6.00E+02,
      8.00E+02,
      1.00E+03,
      1.20E+03,
      1.50E+03,
      1.80E+03,
      2.10E+03,
      2.40E+03,
      2.70E+03,
      3.00E+03,
      3.30E+03
    ],
    [
      4.609000E+02,
      4.826900E+02,
      4.860400E+02,
      5.237500E+02,
      5.614600E+02,
      5.821000E+02,
      6.080000E+02,
      6.412000E+02,
      6.695000E+02,
      6.700000E+02,
      6.700000E+02,
      6.700000E+02,
      6.700000E+02,
      6.700000E+02
    ]
  ],
  "ko": [
    [
      273
    ],
    [
      40000
    ]
  ],
  "ea": [
    [
      273
    ],
    [
      1.71E06
    ]
  ]
}