{
  "name": "NTM-200",
  "comments": "",
  "ro": [
    [
      273
    ],
    [
      110
    ]
  ],
  "lambda_0": [
    [
      2.73E+02,
      3.00E+02,
      4.00E+02,
      6.00E+02,
      8.00E+02,
      1.00E+03,
      1.20E+03,
      1.50E+03,
      1.80E+03,
      2.10E+03,
      2.40E+03,
      2.70E+03,
      3.00E+03,
      3.30E+03
    ],
    [
      8.680000E-02,
      9.360000E-02,
      1.080000E-01,
      1.380000E-01,
      1.720000E-01,
      1.790000E-01,
      1.920000E-01,
      2.140000E-01,
      2.330000E-01,
      2.440000E-01,
      2.550000E-01,
      2.670000E-01,
      2.730000E-01,
      2.810000E-01
    ]
  ],
  "lambda_90": [
    [
      2.73E+02,
      3.00E+02,
      4.00E+02,
      6.00E+02,
      8.00E+02,
      1.00E+03,
      1.20E+03,
      1.50E+03,
      1.80E+03,
      2.10E+03,
      2.40E+03,
      2.70E+03,
      3.00E+03,
      3.30E+03
    ],
    [
      8.680000E-02,
      9.360000E-02,
      1.080000E-01,
      1.380000E-01,
      1.720000E-01,
      1.790000E-01,
      1.920000E-01,
      2.140000E-01,
      2.330000E-01,
      2.440000E-01,
      2.550000E-01,
      2.670000E-01,
      2.730000E-01,
      2.810000E-01
    ]
  ],
  "cp": [
    [
      2.73E+02,
      3.00E+02,
      4.00E+02,
      6.00E+02,
      8.00E+02,
      1.00E+03,
      1.20E+03,
      1.50E+03,
      1.80E+03,
      2.10E+03,
      2.40E+03,
      2.70E+03,
      3.00E+03,
      3.30E+03
    ],
    [
      6.947000E+02,
      7.490000E+02,
      8.684000E+02,
      1.107000E+03,
      1.379000E+03,
      1.433000E+03,
      1.541000E+03,
      1.715000E+03,
      1.867000E+03,
      1.954000E+03,
      2.041000E+03,
      2.138000E+03,
      2.190000E+03,
      2.250000E+03
    ]
  ],
  "ko": [
    [
      273
    ],
    [
      40000
    ]
  ],
  "ea": [
    [
      273
    ],
    [
      1.71E06
    ]
  ]
}