{
  "name": "P512",
  "comments": "",
  "ro": [
    [
      273
    ],
    [
      1450
    ]
  ],
  "lambda_0": [
    [
      2.73E+02,
      3.00E+02,
      4.00E+02,
      6.00E+02,
      8.00E+02,
      1.00E+03,
      1.20E+03,
      1.50E+03,
      1.80E+03,
      2.10E+03,
      2.40E+03,
      2.70E+03,
      3.00E+03,
      3.30E+03
    ],
    [
      5.500000E-01,
      5.700000E-01,
      6.000000E-01,
      5.000000E-01,
      3.000000E-01,
      3.000000E-01,
      3.700000E-01,
      8.000000E-01,
      2.850000E+00,
      5.100000E+00,
      7.100000E+00,
      9.200000E+00,
      1.250000E+01,
      1.480000E+01
    ]
  ],
  "lambda_90": [
    [
      2.73E+02,
      3.00E+02,
      4.00E+02,
      6.00E+02,
      8.00E+02,
      1.00E+03,
      1.20E+03,
      1.50E+03,
      1.80E+03,
      2.10E+03,
      2.40E+03,
      2.70E+03,
      3.00E+03,
      3.30E+03
    ],
    [
      5.500000E-01,
      5.700000E-01,
      6.000000E-01,
      5.000000E-01,
      3.000000E-01,
      3.000000E-01,
      3.700000E-01,
      8.000000E-01,
      2.850000E+00,
      5.100000E+00,
      7.100000E+00,
      9.200000E+00,
      1.250000E+01,
      1.480000E+01
    ]
  ],
  "cp": [
    [
      2.73E+02,
      3.00E+02,
      4.00E+02,
      6.00E+02,
      8.00E+02,
      1.00E+03,
      1.20E+03,
      1.50E+03,
      1.80E+03,
      2.10E+03,
      2.40E+03,
      2.70E+03,
      3.00E+03,
      3.30E+03
    ],
    [
      6.290000E+02,
      7.150000E+02,
      1.045000E+03,
      1.420000E+03,
      1.500000E+03,
      1.550000E+03,
      1.560000E+03,
      1.590000E+03,
      1.670000E+03,
      1.775000E+03,
      1.800000E+03,
      1.820000E+03,
      1.840000E+03,
      1.880000E+03
    ]
  ],
  "ko": [
    [
      273
    ],
    [
      40000
    ]
  ],
  "ea": [
    [
      273
    ],
    [
      1.71E06
    ]
  ]
}